{"cameraMode":{"drawMode":0,"name":"Shaded","section":"Shading Mode"},"sceneLighting":true,"audioPlay":false,"sceneViewState":{"showFog":true,"showMaterialUpdate":true,"showSkybox":true,"showFlares":true,"showImageEffects":true,"showParticleSystems":true},"in2DMode":false,"pivot":{"x":-8.543779373168946,"y":41.747798919677737,"z":102.5545883178711},"rotation":{"x":-0.15355047583580018,"y":0.1508568376302719,"z":-0.023712806403636934,"w":-0.9762904047966003},"size":54.75187683105469,"orthographic":false}